"schema_name","domain","table_name","owner_service","tenant_scoped","partition_strategy","pii_class"
"platform","ai_platform","ai_inference_logs","ai-engine-service","yes","monthly_time","low"
"platform","ai_platform","ai_prompt_templates","ai-engine-service","yes","none","low"
"platform","ai_platform","ai_prompt_versions","ai-engine-service","yes","none","low"
"platform","ai_platform","ai_recommendations","ai-engine-service","yes","none","low"
"platform","ai_platform","burnout_risk_scores","ai-engine-service","yes","none","low"
"platform","ai_platform","chat_context_windows","ai-engine-service","yes","none","high"
"platform","ai_platform","chat_guardrail_events","ai-engine-service","yes","monthly_time","high"
"platform","ai_platform","chat_messages","ai-engine-service","yes","none","high"
"platform","ai_platform","chat_sessions","ai-engine-service","yes","none","high"
"platform","ai_platform","emotion_analysis_results","ai-engine-service","yes","none","low"
"platform","ai_platform","feature_backfill_runs","ai-engine-service","yes","none","medium"
"platform","ai_platform","feature_definitions","ai-engine-service","yes","none","medium"
"platform","ai_platform","feature_groups","ai-engine-service","yes","none","medium"
"platform","ai_platform","feature_store_snapshots","ai-engine-service","yes","monthly_time","medium"
"platform","ai_platform","inference_requests","ai-engine-service","yes","none","low"
"platform","ai_platform","inference_responses","ai-engine-service","yes","none","low"
"platform","ai_platform","ml_model_versions","ai-engine-service","yes","none","medium"
"platform","ai_platform","ml_models","ai-engine-service","yes","none","medium"
"platform","ai_platform","model_artifacts","ai-engine-service","yes","none","medium"
"platform","ai_platform","model_deployment_events","ai-engine-service","yes","monthly_time","medium"
"platform","ai_platform","model_deployment_targets","ai-engine-service","yes","none","medium"
"platform","ai_platform","model_drift_events","ai-engine-service","yes","monthly_time","medium"
"platform","ai_platform","model_drift_monitors","ai-engine-service","yes","none","medium"
"platform","ai_platform","model_eval_reports","ai-engine-service","yes","none","medium"
"platform","ai_platform","model_fairness_reports","ai-engine-service","yes","none","medium"
"platform","ai_platform","model_retraining_policies","ai-engine-service","yes","none","medium"
"platform","ai_platform","model_retraining_runs","ai-engine-service","yes","none","medium"
"platform","ai_platform","model_training_datasets","ai-engine-service","yes","none","medium"
"platform","ai_platform","model_training_metrics","ai-engine-service","yes","none","medium"
"platform","ai_platform","model_training_runs","ai-engine-service","yes","none","medium"
"platform","ai_platform","nlp_entities","ai-engine-service","yes","none","low"
"platform","ai_platform","nlp_intents","ai-engine-service","yes","none","low"
"platform","ai_platform","nlp_training_corpora","ai-engine-service","yes","none","low"
"platform","ai_platform","recommendation_feedback","ai-engine-service","yes","none","low"
"platform","ai_platform","recommendation_overrides","ai-engine-service","yes","none","low"
"platform","ai_platform","voice_interactions","ai-engine-service","yes","none","high"
"platform","ai_platform","voice_transcripts","ai-engine-service","yes","none","high"
"platform","ai_platform","wellness_risk_scores","ai-engine-service","yes","none","low"
"platform","analytics_reporting","analytics_access_logs","analytics-service","yes","monthly_time","medium"
"platform","analytics_reporting","analytics_cost_snapshots","analytics-service","yes","monthly_time","medium"
"platform","analytics_reporting","analytics_event_dead_letters","analytics-service","yes","none","medium"
"platform","analytics_reporting","analytics_events","analytics-service","yes","monthly_time","medium"
"platform","analytics_reporting","analytics_stream_offsets","analytics-service","yes","monthly_time","medium"
"platform","analytics_reporting","anomaly_alert_events","analytics-service","yes","monthly_time","low"
"platform","analytics_reporting","anomaly_alerts","analytics-service","yes","none","low"
"platform","analytics_reporting","benchmark_definitions","analytics-service","yes","none","low"
"platform","analytics_reporting","benchmark_results","analytics-service","yes","none","low"
"platform","analytics_reporting","cohort_definitions","analytics-service","yes","none","low"
"platform","analytics_reporting","cohort_memberships","analytics-service","yes","none","low"
"platform","analytics_reporting","dashboard_definitions","analytics-service","yes","none","low"
"platform","analytics_reporting","dashboard_subscriptions","analytics-service","yes","none","low"
"platform","analytics_reporting","dashboard_widget_queries","analytics-service","yes","none","low"
"platform","analytics_reporting","dashboard_widgets","analytics-service","yes","none","low"
"platform","analytics_reporting","data_lineage_edges","analytics-service","yes","none","low"
"platform","analytics_reporting","data_lineage_jobs","analytics-service","yes","none","low"
"platform","analytics_reporting","data_mart_refresh_runs","analytics-service","yes","none","low"
"platform","analytics_reporting","data_mart_tables","analytics-service","yes","none","low"
"platform","analytics_reporting","data_quality_incidents","analytics-service","yes","none","low"
"platform","analytics_reporting","data_quality_results","analytics-service","yes","none","low"
"platform","analytics_reporting","data_quality_rules","analytics-service","yes","none","low"
"platform","analytics_reporting","forecast_accuracy_metrics","analytics-service","yes","none","medium"
"platform","analytics_reporting","forecast_outputs","analytics-service","yes","none","medium"
"platform","analytics_reporting","forecast_runs","analytics-service","yes","none","medium"
"platform","analytics_reporting","kpi_daily_snapshots","analytics-service","yes","monthly_time","medium"
"platform","analytics_reporting","kpi_definitions","analytics-service","yes","none","medium"
"platform","analytics_reporting","kpi_monthly_snapshots","analytics-service","yes","monthly_time","medium"
"platform","analytics_reporting","kpi_targets","analytics-service","yes","none","medium"
"platform","analytics_reporting","kpi_weekly_snapshots","analytics-service","yes","monthly_time","medium"
"platform","analytics_reporting","olap_query_logs","analytics-service","yes","monthly_time","low"
"platform","analytics_reporting","query_performance_logs","analytics-service","yes","monthly_time","low"
"platform","analytics_reporting","report_definitions","analytics-service","yes","none","medium"
"platform","analytics_reporting","report_distribution_logs","analytics-service","yes","monthly_time","medium"
"platform","analytics_reporting","report_filters","analytics-service","yes","none","medium"
"platform","analytics_reporting","report_run_artifacts","analytics-service","yes","none","medium"
"platform","analytics_reporting","report_runs","analytics-service","yes","none","medium"
"platform","analytics_reporting","report_schedules","analytics-service","yes","none","medium"
"platform","analytics_reporting","report_versions","analytics-service","yes","none","medium"
"platform","attendance_leave","attendance_breaches","attendance-service","yes","none","low"
"platform","attendance_leave","attendance_device_logs","attendance-service","yes","monthly_time","low"
"platform","attendance_leave","attendance_devices","attendance-service","yes","none","low"
"platform","attendance_leave","attendance_exceptions","attendance-service","yes","none","low"
"platform","attendance_leave","attendance_payroll_links","attendance-service","yes","none","restricted"
"platform","attendance_leave","attendance_policies","attendance-service","yes","none","low"
"platform","attendance_leave","attendance_records","attendance-service","yes","none","low"
"platform","attendance_leave","attendance_regularizations","attendance-service","yes","none","low"
"platform","attendance_leave","attendance_rules","attendance-service","yes","none","low"
"platform","attendance_leave","attendance_snapshots","attendance-service","yes","monthly_time","low"
"platform","attendance_leave","biometric_sync_errors","attendance-service","yes","none","low"
"platform","attendance_leave","biometric_sync_jobs","attendance-service","yes","none","low"
"platform","attendance_leave","gps_attendance_points","attendance-service","yes","none","low"
"platform","attendance_leave","gps_spoofing_alerts","attendance-service","yes","none","low"
"platform","attendance_leave","holiday_calendars","attendance-service","yes","none","low"
"platform","attendance_leave","holiday_events","attendance-service","yes","monthly_time","low"
"platform","attendance_leave","leave_accrual_rules","attendance-service","yes","none","low"
"platform","attendance_leave","leave_attachments","attendance-service","yes","none","low"
"platform","attendance_leave","leave_audit_events","attendance-service","yes","monthly_time","low"
"platform","attendance_leave","leave_balances","attendance-service","yes","none","low"
"platform","attendance_leave","leave_blackout_periods","attendance-service","yes","none","low"
"platform","attendance_leave","leave_carry_forward_runs","attendance-service","yes","none","low"
"platform","attendance_leave","leave_delegations","attendance-service","yes","none","low"
"platform","attendance_leave","leave_encashments","attendance-service","yes","none","low"
"platform","attendance_leave","leave_policies","attendance-service","yes","none","low"
"platform","attendance_leave","leave_policy_rules","attendance-service","yes","none","low"
"platform","attendance_leave","leave_request_approvals","attendance-service","yes","none","low"
"platform","attendance_leave","leave_requests","attendance-service","yes","none","low"
"platform","attendance_leave","leave_transactions","attendance-service","yes","none","low"
"platform","attendance_leave","leave_types","attendance-service","yes","none","low"
"platform","attendance_leave","overtime_approvals","attendance-service","yes","none","low"
"platform","attendance_leave","overtime_policies","attendance-service","yes","none","low"
"platform","attendance_leave","overtime_records","attendance-service","yes","none","low"
"platform","attendance_leave","overtime_requests","attendance-service","yes","none","low"
"platform","attendance_leave","shift_assignments","attendance-service","yes","none","low"
"platform","attendance_leave","shift_calendars","attendance-service","yes","none","low"
"platform","attendance_leave","shift_swaps","attendance-service","yes","none","low"
"platform","attendance_leave","shift_templates","attendance-service","yes","none","low"
"platform","attendance_leave","time_off_comp_off_ledger","attendance-service","yes","none","low"
"platform","attendance_leave","time_off_lop_records","attendance-service","yes","none","low"
"platform","billing_subscription","billing_addresses","billing-service","yes","none","high"
"platform","billing_subscription","billing_collections","billing-service","yes","none","low"
"platform","billing_subscription","billing_contacts","billing-service","yes","none","high"
"platform","billing_subscription","billing_cycles","billing-service","yes","none","low"
"platform","billing_subscription","billing_dunning_events","billing-service","yes","monthly_time","low"
"platform","billing_subscription","billing_dunning_rules","billing-service","yes","none","low"
"platform","billing_subscription","billing_reconciliation_items","billing-service","yes","none","low"
"platform","billing_subscription","billing_reconciliation_runs","billing-service","yes","none","low"
"platform","billing_subscription","billing_run_logs","billing-service","yes","monthly_time","low"
"platform","billing_subscription","coupon_campaigns","billing-service","yes","none","low"
"platform","billing_subscription","coupon_redemptions","billing-service","yes","none","low"
"platform","billing_subscription","credit_notes","billing-service","yes","none","low"
"platform","billing_subscription","debit_notes","billing-service","yes","none","low"
"platform","billing_subscription","invoice_adjustments","billing-service","yes","none","high"
"platform","billing_subscription","invoice_lines","billing-service","yes","none","high"
"platform","billing_subscription","invoice_taxes","billing-service","yes","none","high"
"platform","billing_subscription","invoices","billing-service","yes","none","high"
"platform","billing_subscription","payment_intents","billing-service","yes","none","restricted"
"platform","billing_subscription","payment_method_tokens","billing-service","yes","none","restricted"
"platform","billing_subscription","payment_methods","billing-service","yes","none","restricted"
"platform","billing_subscription","payment_refunds","billing-service","yes","none","restricted"
"platform","billing_subscription","payment_webhooks","billing-service","yes","none","restricted"
"platform","billing_subscription","payments","billing-service","yes","none","restricted"
"platform","billing_subscription","plan_feature_limits","billing-service","yes","none","medium"
"platform","billing_subscription","plan_features","billing-service","yes","none","medium"
"platform","billing_subscription","plan_price_books","billing-service","yes","none","low"
"platform","billing_subscription","pricing_plans","billing-service","yes","none","low"
"platform","billing_subscription","subscription_change_requests","billing-service","yes","none","low"
"platform","billing_subscription","subscription_contracts","billing-service","yes","none","low"
"platform","billing_subscription","subscription_items","billing-service","yes","none","low"
"platform","billing_subscription","subscription_usage_meters","billing-service","yes","none","low"
"platform","billing_subscription","subscriptions","billing-service","yes","none","low"
"platform","billing_subscription","usage_meter_events","billing-service","yes","monthly_time","low"
"platform","core_identity","access_reviews","auth-service","yes","none","low"
"platform","core_identity","auth_audit_events","auth-service","yes","monthly_time","low"
"platform","core_identity","permissions","auth-service","yes","none","low"
"platform","core_identity","policy_bindings","auth-service","yes","none","low"
"platform","core_identity","policy_rules","auth-service","yes","none","low"
"platform","core_identity","policy_sets","auth-service","yes","none","low"
"platform","core_identity","role_permissions","auth-service","yes","none","low"
"platform","core_identity","roles","auth-service","yes","none","low"
"platform","core_identity","service_account_keys","auth-service","yes","none","low"
"platform","core_identity","service_accounts","auth-service","yes","none","low"
"platform","core_identity","user_api_tokens","auth-service","yes","none","high"
"platform","core_identity","user_credentials","auth-service","yes","none","high"
"platform","core_identity","user_devices","auth-service","yes","none","high"
"platform","core_identity","user_identities","auth-service","yes","none","high"
"platform","core_identity","user_login_attempts","auth-service","yes","none","high"
"platform","core_identity","user_mfa_factors","auth-service","yes","none","high"
"platform","core_identity","user_oauth_clients","auth-service","yes","none","high"
"platform","core_identity","user_oauth_consents","auth-service","yes","none","high"
"platform","core_identity","user_password_history","auth-service","yes","monthly_time","high"
"platform","core_identity","user_password_resets","auth-service","yes","none","high"
"platform","core_identity","user_roles","auth-service","yes","none","high"
"platform","core_identity","user_sessions","auth-service","yes","none","high"
"platform","core_identity","user_webauthn_keys","auth-service","yes","none","high"
"platform","core_identity","users","auth-service","yes","none","high"
"platform","erp_assets_budget","asset_assignments","erp-assets-service","yes","none","low"
"platform","erp_assets_budget","asset_audit_events","erp-assets-service","yes","monthly_time","low"
"platform","erp_assets_budget","asset_categories","erp-assets-service","yes","none","low"
"platform","erp_assets_budget","asset_depreciation_lines","erp-assets-service","yes","none","low"
"platform","erp_assets_budget","asset_depreciation_methods","erp-assets-service","yes","none","low"
"platform","erp_assets_budget","asset_depreciation_runs","erp-assets-service","yes","none","low"
"platform","erp_assets_budget","asset_disposal_lines","erp-assets-service","yes","none","low"
"platform","erp_assets_budget","asset_disposals","erp-assets-service","yes","none","low"
"platform","erp_assets_budget","asset_insurance_policies","erp-assets-service","yes","none","low"
"platform","erp_assets_budget","asset_locations","erp-assets-service","yes","none","low"
"platform","erp_assets_budget","asset_maintenance_logs","erp-assets-service","yes","monthly_time","low"
"platform","erp_assets_budget","asset_maintenance_plans","erp-assets-service","yes","none","low"
"platform","erp_assets_budget","asset_revaluations","erp-assets-service","yes","none","low"
"platform","erp_assets_budget","asset_warranties","erp-assets-service","yes","none","low"
"platform","erp_assets_budget","assets","erp-assets-service","yes","none","low"
"platform","erp_assets_budget","budget_audit_events","erp-assets-service","yes","monthly_time","low"
"platform","erp_assets_budget","budget_forecasts","erp-assets-service","yes","none","medium"
"platform","erp_assets_budget","budget_scenarios","erp-assets-service","yes","none","low"
"platform","erp_assets_budget","budget_variance_reports","erp-assets-service","yes","none","medium"
"platform","erp_assets_budget","budget_versions","erp-assets-service","yes","none","low"
"platform","erp_assets_budget","capex_approvals","erp-assets-service","yes","none","low"
"platform","erp_assets_budget","capex_requests","erp-assets-service","yes","none","low"
"platform","erp_assets_budget","expense_audit_flags","erp-assets-service","yes","none","low"
"platform","erp_assets_budget","expense_policy_rules","erp-assets-service","yes","none","low"
"platform","erp_assets_budget","project_budget_lines","erp-assets-service","yes","none","low"
"platform","erp_assets_budget","project_budgets","erp-assets-service","yes","none","low"
"platform","erp_assets_budget","travel_bookings","erp-assets-service","yes","none","low"
"platform","erp_assets_budget","travel_expenses","erp-assets-service","yes","none","low"
"platform","erp_assets_budget","travel_policies","erp-assets-service","yes","none","low"
"platform","erp_assets_budget","travel_requests","erp-assets-service","yes","none","low"
"platform","erp_finance","ap_debit_notes","erp-finance-service","yes","none","low"
"platform","erp_finance","ap_invoice_lines","erp-finance-service","yes","none","high"
"platform","erp_finance","ap_invoices","erp-finance-service","yes","none","high"
"platform","erp_finance","ap_payments","erp-finance-service","yes","none","restricted"
"platform","erp_finance","ap_vendors","erp-finance-service","yes","none","low"
"platform","erp_finance","ar_credit_notes","erp-finance-service","yes","none","low"
"platform","erp_finance","ar_invoice_lines","erp-finance-service","yes","none","high"
"platform","erp_finance","ar_invoices","erp-finance-service","yes","none","high"
"platform","erp_finance","ar_receipts","erp-finance-service","yes","none","low"
"platform","erp_finance","bank_accounts","erp-finance-service","yes","none","restricted"
"platform","erp_finance","bank_reconciliation_items","erp-finance-service","yes","none","restricted"
"platform","erp_finance","bank_reconciliations","erp-finance-service","yes","none","restricted"
"platform","erp_finance","bank_statement_lines","erp-finance-service","yes","none","restricted"
"platform","erp_finance","bank_statements","erp-finance-service","yes","none","restricted"
"platform","erp_finance","budget_headers","erp-finance-service","yes","none","low"
"platform","erp_finance","budget_lines","erp-finance-service","yes","none","low"
"platform","erp_finance","business_units","erp-finance-service","yes","none","low"
"platform","erp_finance","cash_flow_forecasts","erp-finance-service","yes","none","medium"
"platform","erp_finance","close_checklists","erp-finance-service","yes","none","low"
"platform","erp_finance","close_logs","erp-finance-service","yes","monthly_time","low"
"platform","erp_finance","close_tasks","erp-finance-service","yes","none","low"
"platform","erp_finance","coa_account_groups","erp-finance-service","yes","none","low"
"platform","erp_finance","coa_accounts","erp-finance-service","yes","none","low"
"platform","erp_finance","cost_centers","erp-finance-service","yes","none","low"
"platform","erp_finance","customer_accounts","erp-finance-service","yes","none","low"
"platform","erp_finance","customer_credit_limits","erp-finance-service","yes","none","low"
"platform","erp_finance","expense_approvals","erp-finance-service","yes","none","low"
"platform","erp_finance","expense_claim_lines","erp-finance-service","yes","none","low"
"platform","erp_finance","expense_claims","erp-finance-service","yes","none","low"
"platform","erp_finance","fiscal_periods","erp-finance-service","yes","none","low"
"platform","erp_finance","fiscal_years","erp-finance-service","yes","none","low"
"platform","erp_finance","intercompany_accounts","erp-finance-service","yes","none","low"
"platform","erp_finance","intercompany_transactions","erp-finance-service","yes","none","low"
"platform","erp_finance","journal_batches","erp-finance-service","yes","none","low"
"platform","erp_finance","journal_entries","erp-finance-service","yes","none","low"
"platform","erp_finance","journal_lines","erp-finance-service","yes","none","low"
"platform","erp_finance","ledger_balances","erp-finance-service","yes","none","low"
"platform","erp_finance","ledger_snapshots","erp-finance-service","yes","monthly_time","low"
"platform","erp_finance","profit_centers","erp-finance-service","yes","none","low"
"platform","erp_finance","tax_codes","erp-finance-service","yes","none","restricted"
"platform","erp_finance","tax_jurisdictions","erp-finance-service","yes","none","restricted"
"platform","erp_finance","tax_returns","erp-finance-service","yes","none","restricted"
"platform","erp_finance","tax_transactions","erp-finance-service","yes","none","restricted"
"platform","erp_finance","trial_balance_snapshots","erp-finance-service","yes","monthly_time","low"
"platform","erp_finance","withholding_tax_records","erp-finance-service","yes","none","restricted"
"platform","erp_inventory","bom_headers","erp-inventory-service","yes","none","low"
"platform","erp_inventory","bom_lines","erp-inventory-service","yes","none","low"
"platform","erp_inventory","cycle_count_plans","erp-inventory-service","yes","none","low"
"platform","erp_inventory","cycle_count_results","erp-inventory-service","yes","none","low"
"platform","erp_inventory","cycle_count_tasks","erp-inventory-service","yes","none","low"
"platform","erp_inventory","inventory_cost_layers","erp-inventory-service","yes","none","medium"
"platform","erp_inventory","inventory_items","erp-inventory-service","yes","none","medium"
"platform","erp_inventory","inventory_opening_balances","erp-inventory-service","yes","none","medium"
"platform","erp_inventory","inventory_valuation_lines","erp-inventory-service","yes","none","medium"
"platform","erp_inventory","inventory_valuation_runs","erp-inventory-service","yes","none","medium"
"platform","erp_inventory","item_attribute_values","erp-inventory-service","yes","none","low"
"platform","erp_inventory","item_attributes","erp-inventory-service","yes","none","low"
"platform","erp_inventory","item_barcodes","erp-inventory-service","yes","none","low"
"platform","erp_inventory","item_categories","erp-inventory-service","yes","none","low"
"platform","erp_inventory","item_lots","erp-inventory-service","yes","none","low"
"platform","erp_inventory","item_serials","erp-inventory-service","yes","none","low"
"platform","erp_inventory","item_uoms","erp-inventory-service","yes","none","low"
"platform","erp_inventory","material_requirements","erp-inventory-service","yes","none","low"
"platform","erp_inventory","production_consumptions","erp-inventory-service","yes","none","low"
"platform","erp_inventory","production_order_lines","erp-inventory-service","yes","none","low"
"platform","erp_inventory","production_orders","erp-inventory-service","yes","none","low"
"platform","erp_inventory","production_outputs","erp-inventory-service","yes","none","low"
"platform","erp_inventory","reorder_recommendations","erp-inventory-service","yes","none","low"
"platform","erp_inventory","reorder_rules","erp-inventory-service","yes","none","low"
"platform","erp_inventory","stock_adjustments","erp-inventory-service","yes","none","low"
"platform","erp_inventory","stock_balances","erp-inventory-service","yes","none","low"
"platform","erp_inventory","stock_movements","erp-inventory-service","yes","none","low"
"platform","erp_inventory","stock_reservation_lines","erp-inventory-service","yes","none","low"
"platform","erp_inventory","stock_reservations","erp-inventory-service","yes","none","low"
"platform","erp_inventory","stock_transfer_lines","erp-inventory-service","yes","none","low"
"platform","erp_inventory","stock_transfers","erp-inventory-service","yes","none","low"
"platform","erp_inventory","warehouse_bins","erp-inventory-service","yes","none","low"
"platform","erp_inventory","warehouse_zones","erp-inventory-service","yes","none","low"
"platform","erp_inventory","warehouses","erp-inventory-service","yes","none","low"
"platform","erp_procurement","goods_receipt_lines","erp-procurement-service","yes","none","low"
"platform","erp_procurement","goods_receipts","erp-procurement-service","yes","none","low"
"platform","erp_procurement","procurement_disputes","erp-procurement-service","yes","none","medium"
"platform","erp_procurement","procurement_kpi_snapshots","erp-procurement-service","yes","monthly_time","medium"
"platform","erp_procurement","procurement_returns","erp-procurement-service","yes","none","medium"
"platform","erp_procurement","purchase_order_approvals","erp-procurement-service","yes","none","low"
"platform","erp_procurement","purchase_order_lines","erp-procurement-service","yes","none","low"
"platform","erp_procurement","purchase_order_revisions","erp-procurement-service","yes","none","low"
"platform","erp_procurement","purchase_orders","erp-procurement-service","yes","none","low"
"platform","erp_procurement","purchase_requisition_approvals","erp-procurement-service","yes","none","low"
"platform","erp_procurement","purchase_requisition_lines","erp-procurement-service","yes","none","low"
"platform","erp_procurement","purchase_requisitions","erp-procurement-service","yes","none","low"
"platform","erp_procurement","quote_comparisons","erp-procurement-service","yes","none","low"
"platform","erp_procurement","request_for_quotations","erp-procurement-service","yes","none","low"
"platform","erp_procurement","rfq_responses","erp-procurement-service","yes","none","low"
"platform","erp_procurement","rfq_vendors","erp-procurement-service","yes","none","low"
"platform","erp_procurement","service_receipts","erp-procurement-service","yes","none","low"
"platform","erp_procurement","sourcing_awards","erp-procurement-service","yes","none","low"
"platform","erp_procurement","sourcing_bids","erp-procurement-service","yes","none","low"
"platform","erp_procurement","sourcing_events","erp-procurement-service","yes","monthly_time","low"
"platform","erp_procurement","supplier_scorecards","erp-procurement-service","yes","none","low"
"platform","erp_procurement","vendor_addresses","erp-procurement-service","yes","none","high"
"platform","erp_procurement","vendor_bank_accounts","erp-procurement-service","yes","none","restricted"
"platform","erp_procurement","vendor_compliance_checks","erp-procurement-service","yes","none","low"
"platform","erp_procurement","vendor_contacts","erp-procurement-service","yes","none","high"
"platform","erp_procurement","vendor_contract_versions","erp-procurement-service","yes","none","low"
"platform","erp_procurement","vendor_contracts","erp-procurement-service","yes","none","low"
"platform","erp_procurement","vendor_documents","erp-procurement-service","yes","none","low"
"platform","erp_procurement","vendor_ratings","erp-procurement-service","yes","none","low"
"platform","erp_procurement","vendors","erp-procurement-service","yes","none","low"
"platform","metaverse","avatar_customizations","metaverse-service","yes","none","low"
"platform","metaverse","avatars","metaverse-service","yes","none","low"
"platform","metaverse","metaverse_activity_logs","metaverse-service","yes","monthly_time","low"
"platform","metaverse","metaverse_moderation_flags","metaverse-service","yes","none","low"
"platform","metaverse","presence_events","metaverse-service","yes","monthly_time","low"
"platform","metaverse","presence_sessions","metaverse-service","yes","none","high"
"platform","metaverse","virtual_badges","metaverse-service","yes","none","low"
"platform","metaverse","virtual_meeting_participants","metaverse-service","yes","none","low"
"platform","metaverse","virtual_meetings","metaverse-service","yes","none","low"
"platform","metaverse","virtual_office_themes","metaverse-service","yes","none","low"
"platform","metaverse","virtual_offices","metaverse-service","yes","none","low"
"platform","metaverse","virtual_rewards","metaverse-service","yes","none","low"
"platform","metaverse","virtual_room_assets","metaverse-service","yes","none","low"
"platform","metaverse","virtual_room_layouts","metaverse-service","yes","none","low"
"platform","metaverse","virtual_rooms","metaverse-service","yes","none","low"
"platform","metaverse","virtual_training_attendance","metaverse-service","yes","none","low"
"platform","metaverse","virtual_training_programs","metaverse-service","yes","none","low"
"platform","metaverse","virtual_training_sessions","metaverse-service","yes","none","high"
"platform","metaverse","virtual_whiteboard_events","metaverse-service","yes","monthly_time","low"
"platform","metaverse","virtual_whiteboards","metaverse-service","yes","none","low"
"platform","organization_hrms","branch_calendars","employee-service","yes","none","low"
"platform","organization_hrms","branch_geofences","employee-service","yes","none","low"
"platform","organization_hrms","branch_locations","employee-service","yes","none","low"
"platform","organization_hrms","branches","employee-service","yes","none","low"
"platform","organization_hrms","companies","employee-service","yes","none","low"
"platform","organization_hrms","company_bank_accounts","employee-service","yes","none","restricted"
"platform","organization_hrms","company_compliance_profiles","employee-service","yes","none","low"
"platform","organization_hrms","company_legal_entities","employee-service","yes","none","low"
"platform","organization_hrms","company_tax_profiles","employee-service","yes","none","restricted"
"platform","organization_hrms","department_hierarchy","employee-service","yes","none","low"
"platform","organization_hrms","departments","employee-service","yes","none","low"
"platform","organization_hrms","designation_levels","employee-service","yes","none","low"
"platform","organization_hrms","designations","employee-service","yes","none","low"
"platform","organization_hrms","employee_addresses","employee-service","yes","none","high"
"platform","organization_hrms","employee_assignments","employee-service","yes","none","high"
"platform","organization_hrms","employee_certifications","employee-service","yes","none","high"
"platform","organization_hrms","employee_contacts","employee-service","yes","none","high"
"platform","organization_hrms","employee_custom_field_values","employee-service","yes","none","high"
"platform","organization_hrms","employee_custom_fields","employee-service","yes","none","high"
"platform","organization_hrms","employee_dependents","employee-service","yes","none","high"
"platform","organization_hrms","employee_document_types","employee-service","yes","none","high"
"platform","organization_hrms","employee_documents","employee-service","yes","none","high"
"platform","organization_hrms","employee_emergency_contacts","employee-service","yes","none","high"
"platform","organization_hrms","employee_exit_checklists","employee-service","yes","none","high"
"platform","organization_hrms","employee_exits","employee-service","yes","none","high"
"platform","organization_hrms","employee_family_members","employee-service","yes","none","high"
"platform","organization_hrms","employee_languages","employee-service","yes","none","high"
"platform","organization_hrms","employee_lifecycle_events","employee-service","yes","monthly_time","high"
"platform","organization_hrms","employee_managers","employee-service","yes","none","high"
"platform","organization_hrms","employee_notes","employee-service","yes","none","high"
"platform","organization_hrms","employee_numbers","employee-service","yes","none","high"
"platform","organization_hrms","employee_personal_profiles","employee-service","yes","none","high"
"platform","organization_hrms","employee_privacy_consents","employee-service","yes","none","high"
"platform","organization_hrms","employee_promotions","employee-service","yes","none","high"
"platform","organization_hrms","employee_rehires","employee-service","yes","none","high"
"platform","organization_hrms","employee_skills","employee-service","yes","none","high"
"platform","organization_hrms","employee_status_history","employee-service","yes","monthly_time","high"
"platform","organization_hrms","employee_tags","employee-service","yes","none","high"
"platform","organization_hrms","employee_transfers","employee-service","yes","none","high"
"platform","organization_hrms","employee_work_profiles","employee-service","yes","none","high"
"platform","organization_hrms","employees","employee-service","yes","none","high"
"platform","organization_hrms","employment_types","employee-service","yes","none","low"
"platform","organization_hrms","job_families","employee-service","yes","none","low"
"platform","organization_hrms","job_levels","employee-service","yes","none","low"
"platform","organization_hrms","team_memberships","employee-service","yes","none","low"
"platform","organization_hrms","teams","employee-service","yes","none","low"
"platform","organization_hrms","work_modes","employee-service","yes","none","low"
"platform","payroll","arrear_entries","payroll-service","yes","none","low"
"platform","payroll","bank_transfer_batches","payroll-service","yes","none","restricted"
"platform","payroll","bank_transfer_failures","payroll-service","yes","none","restricted"
"platform","payroll","bank_transfer_items","payroll-service","yes","none","restricted"
"platform","payroll","bonus_awards","payroll-service","yes","none","low"
"platform","payroll","bonus_policies","payroll-service","yes","none","low"
"platform","payroll","compensation_bands","payroll-service","yes","none","low"
"platform","payroll","compensation_benchmarks","payroll-service","yes","none","low"
"platform","payroll","deduction_recoveries","payroll-service","yes","none","low"
"platform","payroll","employee_loans","payroll-service","yes","none","high"
"platform","payroll","employee_salary_revisions","payroll-service","yes","none","high"
"platform","payroll","employee_salary_structures","payroll-service","yes","none","high"
"platform","payroll","loan_policies","payroll-service","yes","none","low"
"platform","payroll","loan_repayments","payroll-service","yes","none","restricted"
"platform","payroll","pay_component_formulas","payroll-service","yes","none","low"
"platform","payroll","pay_component_overrides","payroll-service","yes","none","low"
"platform","payroll","pay_components","payroll-service","yes","none","low"
"platform","payroll","payroll_adjustments","payroll-service","yes","none","restricted"
"platform","payroll","payroll_approvals","payroll-service","yes","none","restricted"
"platform","payroll","payroll_audit_events","payroll-service","yes","monthly_time","restricted"
"platform","payroll","payroll_cycle_companies","payroll-service","yes","none","restricted"
"platform","payroll","payroll_cycles","payroll-service","yes","none","restricted"
"platform","payroll","payroll_item_components","payroll-service","yes","none","restricted"
"platform","payroll","payroll_journal_entries","payroll-service","yes","none","restricted"
"platform","payroll","payroll_journal_mappings","payroll-service","yes","none","restricted"
"platform","payroll","payroll_kpi_snapshots","payroll-service","yes","monthly_time","restricted"
"platform","payroll","payroll_locks","payroll-service","yes","none","restricted"
"platform","payroll","payroll_reconciliation_items","payroll-service","yes","none","restricted"
"platform","payroll","payroll_reconciliation_runs","payroll-service","yes","none","restricted"
"platform","payroll","payroll_run_items","payroll-service","yes","none","restricted"
"platform","payroll","payroll_run_tasks","payroll-service","yes","none","restricted"
"platform","payroll","payroll_runs","payroll-service","yes","none","restricted"
"platform","payroll","payslip_distribution_logs","payroll-service","yes","monthly_time","low"
"platform","payroll","payslips","payroll-service","yes","none","low"
"platform","payroll","reimbursement_approvals","payroll-service","yes","none","low"
"platform","payroll","reimbursement_claim_items","payroll-service","yes","none","low"
"platform","payroll","reimbursement_claims","payroll-service","yes","none","low"
"platform","payroll","reimbursement_policies","payroll-service","yes","none","low"
"platform","payroll","salary_structure_components","payroll-service","yes","none","restricted"
"platform","payroll","salary_structures","payroll-service","yes","none","restricted"
"platform","payroll","statutory_esi_records","payroll-service","yes","none","low"
"platform","payroll","statutory_lwf_records","payroll-service","yes","none","low"
"platform","payroll","statutory_pf_records","payroll-service","yes","none","low"
"platform","payroll","statutory_profiles","payroll-service","yes","none","low"
"platform","payroll","statutory_pt_records","payroll-service","yes","none","low"
"platform","payroll","statutory_tds_records","payroll-service","yes","none","low"
"platform","payroll","tax_calculations","payroll-service","yes","none","restricted"
"platform","payroll","tax_declaration_items","payroll-service","yes","none","restricted"
"platform","payroll","tax_declarations","payroll-service","yes","none","restricted"
"platform","payroll","tax_regimes","payroll-service","yes","none","restricted"
"platform","payroll","tax_slabs","payroll-service","yes","none","restricted"
"platform","performance_lms","career_paths","employee-service","yes","none","low"
"platform","performance_lms","learning_assessments","employee-service","yes","none","low"
"platform","performance_lms","learning_certificates","employee-service","yes","none","low"
"platform","performance_lms","learning_courses","employee-service","yes","none","low"
"platform","performance_lms","learning_enrollments","employee-service","yes","none","low"
"platform","performance_lms","learning_paths","employee-service","yes","none","low"
"platform","performance_lms","learning_progress","employee-service","yes","none","low"
"platform","performance_lms","okr_key_results","employee-service","yes","none","low"
"platform","performance_lms","okrs","employee-service","yes","none","low"
"platform","performance_lms","performance_360_responses","employee-service","yes","none","low"
"platform","performance_lms","performance_360_reviewers","employee-service","yes","none","low"
"platform","performance_lms","performance_calibrations","employee-service","yes","none","low"
"platform","performance_lms","performance_cycles","employee-service","yes","none","low"
"platform","performance_lms","performance_feedback","employee-service","yes","none","low"
"platform","performance_lms","performance_goal_updates","employee-service","yes","none","low"
"platform","performance_lms","performance_goals","employee-service","yes","none","low"
"platform","performance_lms","performance_pips","employee-service","yes","none","low"
"platform","performance_lms","performance_ratings","employee-service","yes","none","low"
"platform","performance_lms","performance_review_sections","employee-service","yes","none","low"
"platform","performance_lms","performance_reviews","employee-service","yes","none","low"
"platform","performance_lms","performance_templates","employee-service","yes","none","low"
"platform","performance_lms","succession_candidates","employee-service","yes","none","high"
"platform","performance_lms","succession_pools","employee-service","yes","none","low"
"platform","performance_lms","talent_matrix_snapshots","employee-service","yes","monthly_time","low"
"platform","platform_ops_security","api_access_logs","platform-ops-service","yes","monthly_time","low"
"platform","platform_ops_security","audit_log_archives","platform-ops-service","yes","none","low"
"platform","platform_ops_security","audit_logs","platform-ops-service","yes","monthly_time","low"
"platform","platform_ops_security","backup_artifacts","platform-ops-service","yes","none","low"
"platform","platform_ops_security","backup_jobs","platform-ops-service","yes","none","low"
"platform","platform_ops_security","config_change_logs","platform-ops-service","yes","monthly_time","low"
"platform","platform_ops_security","config_items","platform-ops-service","yes","none","low"
"platform","platform_ops_security","data_purge_logs","platform-ops-service","yes","monthly_time","low"
"platform","platform_ops_security","data_retention_jobs","platform-ops-service","yes","none","low"
"platform","platform_ops_security","data_retention_policies","platform-ops-service","yes","none","low"
"platform","platform_ops_security","deployment_releases","platform-ops-service","yes","none","low"
"platform","platform_ops_security","deployment_rollbacks","platform-ops-service","yes","none","low"
"platform","platform_ops_security","error_budget_burns","platform-ops-service","yes","none","low"
"platform","platform_ops_security","error_budget_policies","platform-ops-service","yes","none","low"
"platform","platform_ops_security","feature_flag_rules","platform-ops-service","yes","none","medium"
"platform","platform_ops_security","feature_flags","platform-ops-service","yes","none","medium"
"platform","platform_ops_security","fraud_alerts","platform-ops-service","yes","none","restricted"
"platform","platform_ops_security","fraud_case_actions","platform-ops-service","yes","none","restricted"
"platform","platform_ops_security","fraud_cases","platform-ops-service","yes","none","restricted"
"platform","platform_ops_security","fraud_models","platform-ops-service","yes","none","restricted"
"platform","platform_ops_security","incident_timelines","platform-ops-service","yes","none","low"
"platform","platform_ops_security","restore_jobs","platform-ops-service","yes","none","low"
"platform","platform_ops_security","runbook_definitions","platform-ops-service","yes","none","low"
"platform","platform_ops_security","security_alerts","platform-ops-service","yes","none","restricted"
"platform","platform_ops_security","security_incidents","platform-ops-service","yes","none","restricted"
"platform","platform_ops_security","service_dependency_maps","platform-ops-service","yes","none","low"
"platform","platform_ops_security","service_health_checks","platform-ops-service","yes","none","low"
"platform","platform_ops_security","slo_definitions","platform-ops-service","yes","none","low"
"platform","platform_ops_security","slo_measurements","platform-ops-service","yes","none","low"
"platform","platform_ops_security","threat_detections","platform-ops-service","yes","none","low"
"platform","recruiter_marketplace","commission_calculations","recruiter-service","yes","none","low"
"platform","recruiter_marketplace","commission_disputes","recruiter-service","yes","none","low"
"platform","recruiter_marketplace","commission_invoices","recruiter-service","yes","none","high"
"platform","recruiter_marketplace","commission_payout_items","recruiter-service","yes","none","low"
"platform","recruiter_marketplace","commission_payouts","recruiter-service","yes","none","low"
"platform","recruiter_marketplace","commission_rules","recruiter-service","yes","none","low"
"platform","recruiter_marketplace","marketplace_alerts","recruiter-service","yes","none","low"
"platform","recruiter_marketplace","marketplace_campaigns","recruiter-service","yes","none","low"
"platform","recruiter_marketplace","marketplace_listing_features","recruiter-service","yes","none","medium"
"platform","recruiter_marketplace","marketplace_listing_views","recruiter-service","yes","none","low"
"platform","recruiter_marketplace","marketplace_listings","recruiter-service","yes","none","low"
"platform","recruiter_marketplace","marketplace_saved_searches","recruiter-service","yes","none","low"
"platform","recruiter_marketplace","placement_commissions","recruiter-service","yes","none","low"
"platform","recruiter_marketplace","recruiter_agreements","recruiter-service","yes","none","high"
"platform","recruiter_marketplace","recruiter_assignments","recruiter-service","yes","none","high"
"platform","recruiter_marketplace","recruiter_badges","recruiter-service","yes","none","high"
"platform","recruiter_marketplace","recruiter_candidate_submissions","recruiter-service","yes","none","high"
"platform","recruiter_marketplace","recruiter_earnings_snapshots","recruiter-service","yes","monthly_time","high"
"platform","recruiter_marketplace","recruiter_interview_coordination","recruiter-service","yes","none","high"
"platform","recruiter_marketplace","recruiter_kyc_documents","recruiter-service","yes","none","high"
"platform","recruiter_marketplace","recruiter_leaderboards","recruiter-service","yes","none","high"
"platform","recruiter_marketplace","recruiter_locations","recruiter-service","yes","none","high"
"platform","recruiter_marketplace","recruiter_notifications","recruiter-service","yes","none","high"
"platform","recruiter_marketplace","recruiter_placements","recruiter-service","yes","none","high"
"platform","recruiter_marketplace","recruiter_profiles","recruiter-service","yes","none","high"
"platform","recruiter_marketplace","recruiter_rankings","recruiter-service","yes","none","high"
"platform","recruiter_marketplace","recruiter_ratings","recruiter-service","yes","none","high"
"platform","recruiter_marketplace","recruiter_referrals","recruiter-service","yes","none","high"
"platform","recruiter_marketplace","recruiter_shortlists","recruiter-service","yes","none","high"
"platform","recruiter_marketplace","recruiter_specializations","recruiter-service","yes","none","high"
"platform","recruiter_marketplace","recruiter_submission_notes","recruiter-service","yes","none","high"
"platform","recruiter_marketplace","recruiter_verifications","recruiter-service","yes","none","high"
"platform","recruiter_marketplace","recruiter_wallet_transactions","recruiter-service","yes","none","high"
"platform","recruiter_marketplace","recruiter_wallets","recruiter-service","yes","none","high"
"platform","recruiter_marketplace","recruiters","recruiter-service","yes","none","high"
"platform","recruitment_ats","application_notes","recruitment-service","yes","none","low"
"platform","recruitment_ats","application_risk_flags","recruitment-service","yes","none","low"
"platform","recruitment_ats","application_screening_scores","recruitment-service","yes","none","low"
"platform","recruitment_ats","application_stage_history","recruitment-service","yes","monthly_time","low"
"platform","recruitment_ats","application_tasks","recruitment-service","yes","none","low"
"platform","recruitment_ats","applications","recruitment-service","yes","none","low"
"platform","recruitment_ats","assessment_attempts","recruitment-service","yes","none","low"
"platform","recruitment_ats","assessment_scores","recruitment-service","yes","none","low"
"platform","recruitment_ats","assessments","recruitment-service","yes","none","low"
"platform","recruitment_ats","candidate_certifications","recruitment-service","yes","none","high"
"platform","recruitment_ats","candidate_consents","recruitment-service","yes","none","high"
"platform","recruitment_ats","candidate_documents","recruitment-service","yes","none","high"
"platform","recruitment_ats","candidate_educations","recruitment-service","yes","none","high"
"platform","recruitment_ats","candidate_experiences","recruitment-service","yes","none","high"
"platform","recruitment_ats","candidate_portfolios","recruitment-service","yes","none","high"
"platform","recruitment_ats","candidate_preferences","recruitment-service","yes","none","high"
"platform","recruitment_ats","candidate_profiles","recruitment-service","yes","none","high"
"platform","recruitment_ats","candidate_resume_parses","recruitment-service","yes","none","high"
"platform","recruitment_ats","candidate_resumes","recruitment-service","yes","none","high"
"platform","recruitment_ats","candidate_source_events","recruitment-service","yes","monthly_time","high"
"platform","recruitment_ats","candidate_tags","recruitment-service","yes","none","high"
"platform","recruitment_ats","hire_events","recruitment-service","yes","monthly_time","low"
"platform","recruitment_ats","interview_ai_summaries","recruitment-service","yes","none","low"
"platform","recruitment_ats","interview_feedback","recruitment-service","yes","none","low"
"platform","recruitment_ats","interview_panel_members","recruitment-service","yes","none","low"
"platform","recruitment_ats","interview_plans","recruitment-service","yes","none","low"
"platform","recruitment_ats","interview_recordings","recruitment-service","yes","none","low"
"platform","recruitment_ats","interview_scorecards","recruitment-service","yes","none","low"
"platform","recruitment_ats","interview_transcripts","recruitment-service","yes","none","low"
"platform","recruitment_ats","interviews","recruitment-service","yes","none","low"
"platform","recruitment_ats","job_post_benefits","recruitment-service","yes","none","low"
"platform","recruitment_ats","job_post_channels","recruitment-service","yes","none","low"
"platform","recruitment_ats","job_post_questions","recruitment-service","yes","none","low"
"platform","recruitment_ats","job_post_skills","recruitment-service","yes","none","low"
"platform","recruitment_ats","job_posts","recruitment-service","yes","none","low"
"platform","recruitment_ats","job_requisitions","recruitment-service","yes","none","low"
"platform","recruitment_ats","offer_acceptance_events","recruitment-service","yes","monthly_time","low"
"platform","recruitment_ats","offer_approvals","recruitment-service","yes","none","low"
"platform","recruitment_ats","offer_documents","recruitment-service","yes","none","low"
"platform","recruitment_ats","offer_revisions","recruitment-service","yes","none","low"
"platform","recruitment_ats","offers","recruitment-service","yes","none","low"
"platform","recruitment_ats","onboarding_batches","recruitment-service","yes","none","low"
"platform","recruitment_ats","onboarding_checklists","recruitment-service","yes","none","low"
"platform","recruitment_ats","onboarding_documents","recruitment-service","yes","none","low"
"platform","recruitment_ats","onboarding_progress","recruitment-service","yes","none","low"
"platform","recruitment_ats","onboarding_tasks","recruitment-service","yes","none","low"
"platform","recruitment_ats","requisition_approvals","recruitment-service","yes","none","low"
"platform","recruitment_ats","requisition_budgets","recruitment-service","yes","none","low"
"platform","recruitment_ats","requisition_hiring_panels","recruitment-service","yes","none","low"
"platform","tenant_whitelabel","partner_contacts","company-service","yes","none","high"
"platform","tenant_whitelabel","partner_invoices","company-service","yes","none","high"
"platform","tenant_whitelabel","partner_payouts","company-service","yes","none","low"
"platform","tenant_whitelabel","partner_pricing_rules","company-service","yes","none","low"
"platform","tenant_whitelabel","partner_revenue_shares","company-service","yes","none","low"
"platform","tenant_whitelabel","partner_tenants","company-service","yes","none","low"
"platform","tenant_whitelabel","tenant_brand_assets","company-service","yes","none","low"
"platform","tenant_whitelabel","tenant_brand_themes","company-service","yes","none","low"
"platform","tenant_whitelabel","tenant_data_policies","company-service","yes","none","low"
"platform","tenant_whitelabel","tenant_domains","company-service","yes","none","low"
"platform","tenant_whitelabel","tenant_feature_flags","company-service","yes","none","medium"
"platform","tenant_whitelabel","tenant_kms_keys","company-service","yes","none","low"
"platform","tenant_whitelabel","tenant_locales","company-service","yes","none","low"
"platform","tenant_whitelabel","tenant_localization_bundles","company-service","yes","none","low"
"platform","tenant_whitelabel","tenant_oidc_mappings","company-service","yes","none","low"
"platform","tenant_whitelabel","tenant_onboarding_checklists","company-service","yes","none","low"
"platform","tenant_whitelabel","tenant_regions","company-service","yes","none","low"
"platform","tenant_whitelabel","tenant_saml_mappings","company-service","yes","none","low"
"platform","tenant_whitelabel","tenant_settings","company-service","yes","none","low"
"platform","tenant_whitelabel","tenant_sso_configs","company-service","yes","none","low"
"platform","tenant_whitelabel","tenants","company-service","yes","none","low"
"platform","tenant_whitelabel","white_label_partners","company-service","yes","none","low"
"platform","workflow_notification_integration","approval_actions","notification-service","yes","none","low"
"platform","workflow_notification_integration","approval_instances","notification-service","yes","none","low"
"platform","workflow_notification_integration","approval_policies","notification-service","yes","none","low"
"platform","workflow_notification_integration","approval_policy_rules","notification-service","yes","none","low"
"platform","workflow_notification_integration","approval_steps","notification-service","yes","none","low"
"platform","workflow_notification_integration","integration_connectors","notification-service","yes","none","low"
"platform","workflow_notification_integration","integration_credentials","notification-service","yes","none","restricted"
"platform","workflow_notification_integration","integration_sync_errors","notification-service","yes","none","low"
"platform","workflow_notification_integration","integration_sync_jobs","notification-service","yes","none","low"
"platform","workflow_notification_integration","notification_channels","notification-service","yes","none","low"
"platform","workflow_notification_integration","notification_delivery_attempts","notification-service","yes","monthly_time","low"
"platform","workflow_notification_integration","notification_delivery_receipts","notification-service","yes","none","low"
"platform","workflow_notification_integration","notification_events","notification-service","yes","monthly_time","low"
"platform","workflow_notification_integration","notification_failures","notification-service","yes","none","low"
"platform","workflow_notification_integration","notification_preferences","notification-service","yes","none","low"
"platform","workflow_notification_integration","notification_template_versions","notification-service","yes","none","low"
"platform","workflow_notification_integration","notification_templates","notification-service","yes","none","low"
"platform","workflow_notification_integration","notifications","notification-service","yes","none","low"
"platform","workflow_notification_integration","webhook_deliveries","notification-service","yes","none","low"
"platform","workflow_notification_integration","webhook_delivery_attempts","notification-service","yes","monthly_time","low"
"platform","workflow_notification_integration","webhook_endpoints","notification-service","yes","none","low"
"platform","workflow_notification_integration","webhook_subscriptions","notification-service","yes","none","low"
"platform","workflow_notification_integration","workflow_definitions","notification-service","yes","none","medium"
"platform","workflow_notification_integration","workflow_escalations","notification-service","yes","none","medium"
"platform","workflow_notification_integration","workflow_instances","notification-service","yes","none","medium"
"platform","workflow_notification_integration","workflow_slas","notification-service","yes","none","medium"
"platform","workflow_notification_integration","workflow_task_actions","notification-service","yes","none","medium"
"platform","workflow_notification_integration","workflow_task_assignments","notification-service","yes","none","medium"
"platform","workflow_notification_integration","workflow_tasks","notification-service","yes","none","medium"
"platform","workflow_notification_integration","workflow_versions","notification-service","yes","none","medium"
